{"epoch_": 1, "_timestamp": 1702391298.382134, "_runtime": 21.727756023406982, "_step": 0, "_wandb": {"runtime": 19}}