{"epoch_": 1, "_timestamp": 1702400717.291253, "learning rate_train": 8.860339210157154e-05, "loss_train": 0.325082927942276, "grad norm_train": 1.9299736209177354e-07, "_runtime": 42.566344022750854, "_step": 1000, "steps_per_sec_train": 0.66405163134244, "steps_per_sec_val": 0.815543608747847, "EERMetric_val": 0.0, "epoch_val": 10, "_wandb": {"runtime": 41}}