{"epoch_": 1, "_timestamp": 1702391840.051766, "_runtime": 18.386366844177246, "_step": 0, "_wandb": {"runtime": 17}}