{"epoch_": 1, "_timestamp": 1702395183.590975, "_runtime": 16.417017936706543, "_step": 0, "_wandb": {"runtime": 15}}