{"epoch_": 1, "_timestamp": 1702391244.733123, "_runtime": 17.38434600830078, "_step": 0, "_wandb": {"runtime": 16}}