{"epoch_": 1, "_timestamp": 1702390531.717536, "_runtime": 19.43224287033081, "_step": 0, "_wandb": {"runtime": 18}}