{"epoch_": 1, "_timestamp": 1702390952.735003, "_runtime": 19.329859018325806, "_step": 0, "_wandb": {"runtime": 18}}