{"epoch_": 1, "_timestamp": 1702391071.920078, "_runtime": 19.934340000152588, "_step": 0, "_wandb": {"runtime": 19}}