{"epoch_": 1, "_timestamp": 1702390792.662624, "_runtime": 20.451372861862183, "_step": 0, "_wandb": {"runtime": 19}}